,MTAC_urea,MTAC_crea,MTAC_sodium,MTAC_phosphate,MTAC_glu,MTAC_potassium,objective function,L
0,15.502557992751317,7.3132602440895695,0.0039518838622058265,4.795870749164621,24.40336523554388,49.13533073544149,10.857818429575179,1.8623579029745012
1,25.72288720206906,16.335903436971645,19.969130690821242,10.89211278205106,13.07423940974351,23.75736222544806,4.693447839826876,5.409509221352778
2,8.762790088932702,3.229198072254511,0.005078925124105912,1.253638658316834,2.606350016365011,22.463316499017598,4.577283443472027,3.3989552744062377
3,9.988147306146677,2.161875232779241,1.6050428547017344,0.06368028767034697,2.1779241306215007,28.20542167381288,6.525781023772725,2.253973516264881
4,14.201070971542503,5.212238910425096,0.004693734736672207,3.2629110961517402,0.6919845749272108,24.834342724075565,13.904009840889659,0.779761636021135
5,15.291163143327879,5.399406061494931,11.149484712102783,3.7913292268063397,5.409512319427256,24.904110961060795,6.674220681638797,2.7907038325391267
mean,14.91143611746169,6.608646993002499,5.456230466891458,4.009923800026823,8.060562614438062,28.88331413647606,7.872093543195878,2.74921023059311
