,MTAC_urea,MTAC_crea,MTAC_sodium,MTAC_phosphate,MTAC_glu,MTAC_potassium,objective function,L
0,9.988486031482301,2.162529863495947,1.6051421191329829,0.002819224100237113,2.1778100182077362,28.206152829805387,6.525781000879857,2.2539856886105913
1,8.7629354869221,3.229272139194208,0.00020836351202113224,1.2536167223892962,2.6064457378030843,22.4640335788216,4.577283393873973,3.398952472686824
2,15.502590465334777,7.313648860073877,0.02691722037308194,4.795640286498585,24.400780168128186,49.13378299805247,10.857818486539948,1.8623462317506645
3,25.72263901086341,16.336228361512035,19.969278349952365,10.89206034860733,13.074213554291939,23.757767260689374,4.693447835604913,5.409511525851656
4,10.479817163191239,6.404373843648258,8.251601229886118,5.432690552818337,5.368522145725084,23.519079784542967,5.667942044108222,4.96385948720604
5,10.428401247425608,3.364080280830686,6.6381493030125664,2.8769253636765583e-19,6.188050043458261,23.52962652315688,15.533852149796779,2.129720186756119
mean,13.480811567536572,6.468355558125835,6.081882764311523,3.7294711890689647,8.969303611269048,28.435073829178112,7.9760208184672825,3.336395932143649
