,MTAC_urea,MTAC_crea,MTAC_sodium,MTAC_phosphate,MTAC_glu,MTAC_potassium,objective function,L
0,14.20093424382258,5.2120446274783445,0.052979041536368544,3.2627323491698665,0.6931200767536256,24.833620285375623,13.904009859327868,0.779766552175234
1,15.291196562721204,5.399021562370512,11.149442785995559,3.791408164846349,5.409500373676935,24.903804291261114,6.674220679263878,2.7907037949643496
2,9.987994850722515,2.1647596625196095,1.6053833175600871,0.20568508350672143,2.1775573505429495,28.20787130211088,6.525781294278188,2.2540030275480207
3,10.479818445116477,6.404044398839212,8.251622411308299,5.432939604322881,5.368511053770238,23.51939980567315,5.66794203749737,4.963861791091409
4,7.844091179832204,1.0487729743297283,6.653184892838812,0.0169931936510823,0.027196148188702633,64.29341648345007,8.676376511315254,3.8833757049662627
5,25.722581966698883,16.335739847944957,19.96916356681399,10.892085372577478,13.074225927202248,23.757584535238042,4.693447834349693,5.409509503740718
mean,13.921102874818978,6.0940638455803935,7.946962669342185,3.9336406280123963,4.458351821689116,31.585949450518147,7.690296369338708,3.3468700624143324
